Year,Canada,Germany,Japan,US,Korea,UK
2001.00,80.38,93.78,92.17,77.49,52.14,84.40
2002.00,82.46,94.06,95.52,86.14,58.20,96.96
2003.00,85.96,94.85,98.53,94.09,60.83,97.79
2004.00,88.72,92.94,99.95,98.57,64.51,98.24
2005.00,94.16,94.08,100.31,100.15,81.64,96.71
2006.00,93.08,95.82,101.08,99.87,93.47,98.31
2007.00,100.00,100.00,100.00,100.00,100.00,100.00
2008.00,104.46,104.35,102.63,97.30,110.36,95.65
2009.00,107.11,112.96,103.02,113.16,122.16,95.82
2010.00,108.26,118.99,105.73,97.72,128.22,93.70
2011.00,98.09,121.45,109.75,90.92,137.58,89.38
2012.00,96.96,121.31,111.42,91.94,146.23,88.02
2013.00,99.32,125.41,109.31,84.79,154.90,94.50
2014.00,94.43,123.81,108.73,85.44,159.17,95.09
2015.00,94.55,126.39,101.42,86.63,163.89,94.22
2016.00,96.23,133.27,103.59,93.87,162.90,94.10
2017.00,102.90,139.69,129.52,93.00,162.29,97.99
2018.00,99.68,144.20,138.69,103.06,163.56,103.92
2019.00,102.99,151.13,165.56,105.10,174.17,104.84
2020.00,110.73,162.21,263.23,117.54,199.47,113.85
2021.00,,171.35,234.56,107.18,219.84,114.01
2022.00,,173.37,268.78,105.14,236.03,