"LOCATION","INDICATOR","SUBJECT","MEASURE","FREQUENCY","TIME","Value","Flag Codes"
"CAN","GDEXPRD","TOT","PC_GDP","A","2000",1.85847020670463,
"CAN","GDEXPRD","TOT","PC_GDP","A","2001",2.02115604219326,
"CAN","GDEXPRD","TOT","PC_GDP","A","2002",1.97169458839535,
"CAN","GDEXPRD","TOT","PC_GDP","A","2003",1.96780705592442,
"CAN","GDEXPRD","TOT","PC_GDP","A","2004",1.99733329540154,
"CAN","GDEXPRD","TOT","PC_GDP","A","2005",1.97124346682236,
"CAN","GDEXPRD","TOT","PC_GDP","A","2006",1.94299894962194,
"CAN","GDEXPRD","TOT","PC_GDP","A","2007",1.90357751126509,
"CAN","GDEXPRD","TOT","PC_GDP","A","2008",1.85577785944947,
"CAN","GDEXPRD","TOT","PC_GDP","A","2009",1.91741539354459,
"CAN","GDEXPRD","TOT","PC_GDP","A","2010",1.82527754302397,
"CAN","GDEXPRD","TOT","PC_GDP","A","2011",1.78714059196319,
"CAN","GDEXPRD","TOT","PC_GDP","A","2012",1.7723282769657,
"CAN","GDEXPRD","TOT","PC_GDP","A","2013",1.70540418778424,
"CAN","GDEXPRD","TOT","PC_GDP","A","2014",1.71417285495299,
"CAN","GDEXPRD","TOT","PC_GDP","A","2015",1.69324285422175,
"CAN","GDEXPRD","TOT","PC_GDP","A","2016",1.7290246774309,
"CAN","GDEXPRD","TOT","PC_GDP","A","2017",1.68701804739795,
"CAN","GDEXPRD","TOT","PC_GDP","A","2018",1.73719346506089,
"CAN","GDEXPRD","TOT","PC_GDP","A","2019",1.75573347257023,
"CAN","GDEXPRD","TOT","PC_GDP","A","2020",1.8948436448519,
"CAN","GDEXPRD","TOT","PC_GDP","A","2021",1.69727026184862,
"CAN","GDEXPRD","TOT","PC_GDP","A","2022",1.55319848561351,
"DEU","GDEXPRD","TOT","PC_GDP","A","2000",2.40981736199024,
"DEU","GDEXPRD","TOT","PC_GDP","A","2001",2.40437243963287,
"DEU","GDEXPRD","TOT","PC_GDP","A","2002",2.4362209979437,
"DEU","GDEXPRD","TOT","PC_GDP","A","2003",2.47461387159348,
"DEU","GDEXPRD","TOT","PC_GDP","A","2004",2.43518832982692,
"DEU","GDEXPRD","TOT","PC_GDP","A","2005",2.44192827894822,
"DEU","GDEXPRD","TOT","PC_GDP","A","2006",2.47231547788753,
"DEU","GDEXPRD","TOT","PC_GDP","A","2007",2.46048056650197,
"DEU","GDEXPRD","TOT","PC_GDP","A","2008",2.61513302624397,
"DEU","GDEXPRD","TOT","PC_GDP","A","2009",2.74266255882702,
"DEU","GDEXPRD","TOT","PC_GDP","A","2010",2.73023738816097,
"DEU","GDEXPRD","TOT","PC_GDP","A","2011",2.80554628346872,
"DEU","GDEXPRD","TOT","PC_GDP","A","2012",2.88165555073926,
"DEU","GDEXPRD","TOT","PC_GDP","A","2013",2.83598654738827,
"DEU","GDEXPRD","TOT","PC_GDP","A","2014",2.87784049490509,
"DEU","GDEXPRD","TOT","PC_GDP","A","2015",2.93379174404695,
"DEU","GDEXPRD","TOT","PC_GDP","A","2016",2.94038918698201,
"DEU","GDEXPRD","TOT","PC_GDP","A","2017",3.0470994992593,
"DEU","GDEXPRD","TOT","PC_GDP","A","2018",3.11010548366489,
"DEU","GDEXPRD","TOT","PC_GDP","A","2019",3.16700996802059,
"DEU","GDEXPRD","TOT","PC_GDP","A","2020",3.13135797410987,
"DEU","GDEXPRD","TOT","PC_GDP","A","2021",3.12882219242837,
"JPN","GDEXPRD","TOT","PC_GDP","A","2000",2.8584081176248,
"JPN","GDEXPRD","TOT","PC_GDP","A","2001",2.92348499653628,
"JPN","GDEXPRD","TOT","PC_GDP","A","2002",2.96513719241601,
"JPN","GDEXPRD","TOT","PC_GDP","A","2003",2.99319520291865,
"JPN","GDEXPRD","TOT","PC_GDP","A","2004",2.9812459706812,
"JPN","GDEXPRD","TOT","PC_GDP","A","2005",3.13091898152843,
"JPN","GDEXPRD","TOT","PC_GDP","A","2006",3.22765561311149,
"JPN","GDEXPRD","TOT","PC_GDP","A","2007",3.2925719526548,
"JPN","GDEXPRD","TOT","PC_GDP","A","2008",3.29223881151248,
"JPN","GDEXPRD","TOT","PC_GDP","A","2009",3.19589831785127,
"JPN","GDEXPRD","TOT","PC_GDP","A","2010",3.10495131254171,
"JPN","GDEXPRD","TOT","PC_GDP","A","2011",3.20536601849959,
"JPN","GDEXPRD","TOT","PC_GDP","A","2012",3.17370528420318,
"JPN","GDEXPRD","TOT","PC_GDP","A","2013",3.27895603032511,
"JPN","GDEXPRD","TOT","PC_GDP","A","2014",3.36787519925368,
"JPN","GDEXPRD","TOT","PC_GDP","A","2015",3.24070729582592,
"JPN","GDEXPRD","TOT","PC_GDP","A","2016",3.10665645782257,
"JPN","GDEXPRD","TOT","PC_GDP","A","2017",3.1663561591327,
"JPN","GDEXPRD","TOT","PC_GDP","A","2018",3.21919601545084,
"JPN","GDEXPRD","TOT","PC_GDP","A","2019",3.21823739565536,
"JPN","GDEXPRD","TOT","PC_GDP","A","2020",3.26897112574998,
"JPN","GDEXPRD","TOT","PC_GDP","A","2021",3.29581019889173,
"CHE","GDEXPRD","TOT","PC_GDP","A","2000",2.26385866139586,
"CHE","GDEXPRD","TOT","PC_GDP","A","2004",2.60818139103629,
"CHE","GDEXPRD","TOT","PC_GDP","A","2008",2.6529614597708,
"CHE","GDEXPRD","TOT","PC_GDP","A","2012",2.87456549291217,
"CHE","GDEXPRD","TOT","PC_GDP","A","2015",3.07832074114312,
"CHE","GDEXPRD","TOT","PC_GDP","A","2017",3.07697611682481,
"CHE","GDEXPRD","TOT","PC_GDP","A","2019",3.19679910309089,
"CHE","GDEXPRD","TOT","PC_GDP","A","2021",3.35918195477649,
"GBR","GDEXPRD","TOT","PC_GDP","A","2000",1.60905531797414,
"GBR","GDEXPRD","TOT","PC_GDP","A","2001",1.59658017869195,
"GBR","GDEXPRD","TOT","PC_GDP","A","2002",1.6137270617659,
"GBR","GDEXPRD","TOT","PC_GDP","A","2003",1.57962172782662,
"GBR","GDEXPRD","TOT","PC_GDP","A","2004",1.52998292303275,
"GBR","GDEXPRD","TOT","PC_GDP","A","2005",1.54905215115569,
"GBR","GDEXPRD","TOT","PC_GDP","A","2006",1.57540175864675,
"GBR","GDEXPRD","TOT","PC_GDP","A","2007",1.6170892979133,
"GBR","GDEXPRD","TOT","PC_GDP","A","2008",1.60786455697711,
"GBR","GDEXPRD","TOT","PC_GDP","A","2009",1.66659578498881,
"GBR","GDEXPRD","TOT","PC_GDP","A","2010",1.63497337167828,
"GBR","GDEXPRD","TOT","PC_GDP","A","2011",1.64520604658904,
"GBR","GDEXPRD","TOT","PC_GDP","A","2012",1.57631062996975,
"GBR","GDEXPRD","TOT","PC_GDP","A","2013",1.6201068733813,
"GBR","GDEXPRD","TOT","PC_GDP","A","2014",2.26449906513058,
"GBR","GDEXPRD","TOT","PC_GDP","A","2015",2.27027253542169,
"GBR","GDEXPRD","TOT","PC_GDP","A","2016",2.31144543454461,
"GBR","GDEXPRD","TOT","PC_GDP","A","2017",2.32319828029437,
"GBR","GDEXPRD","TOT","PC_GDP","A","2018",2.70482476673419,
"GBR","GDEXPRD","TOT","PC_GDP","A","2019",2.66552117901238,
"GBR","GDEXPRD","TOT","PC_GDP","A","2020",2.93143799233407,
"GBR","GDEXPRD","TOT","PC_GDP","A","2021",2.91475813634293,
"USA","GDEXPRD","TOT","PC_GDP","A","2000",2.61983472364323,
"USA","GDEXPRD","TOT","PC_GDP","A","2001",2.63714678108311,
"USA","GDEXPRD","TOT","PC_GDP","A","2002",2.54745400997044,
"USA","GDEXPRD","TOT","PC_GDP","A","2003",2.55015297059735,
"USA","GDEXPRD","TOT","PC_GDP","A","2004",2.48685541264951,
"USA","GDEXPRD","TOT","PC_GDP","A","2005",2.50192554035344,
"USA","GDEXPRD","TOT","PC_GDP","A","2006",2.54545175545614,
"USA","GDEXPRD","TOT","PC_GDP","A","2007",2.61515847339147,
"USA","GDEXPRD","TOT","PC_GDP","A","2008",2.74481237536275,
"USA","GDEXPRD","TOT","PC_GDP","A","2009",2.79181606218565,
"USA","GDEXPRD","TOT","PC_GDP","A","2010",2.71444490885423,
"USA","GDEXPRD","TOT","PC_GDP","A","2011",2.73803439302896,
"USA","GDEXPRD","TOT","PC_GDP","A","2012",2.67283623631642,
"USA","GDEXPRD","TOT","PC_GDP","A","2013",2.70214750217239,
"USA","GDEXPRD","TOT","PC_GDP","A","2014",2.71785942054576,
"USA","GDEXPRD","TOT","PC_GDP","A","2015",2.7869952707409,
"USA","GDEXPRD","TOT","PC_GDP","A","2016",2.85350080390023,
"USA","GDEXPRD","TOT","PC_GDP","A","2017",2.90432413835629,
"USA","GDEXPRD","TOT","PC_GDP","A","2018",3.01010205104374,
"USA","GDEXPRD","TOT","PC_GDP","A","2019",3.17048669808151,
"USA","GDEXPRD","TOT","PC_GDP","A","2020",3.46777095330333,
"USA","GDEXPRD","TOT","PC_GDP","A","2021",3.45704567785975,
"SGP","GDEXPRD","TOT","PC_GDP","A","2000",1.8169874976152,
"SGP","GDEXPRD","TOT","PC_GDP","A","2001",2.00930350509928,
"SGP","GDEXPRD","TOT","PC_GDP","A","2002",2.0328175157108,
"SGP","GDEXPRD","TOT","PC_GDP","A","2003",1.99679163685891,
"SGP","GDEXPRD","TOT","PC_GDP","A","2004",2.0785926257374,
"SGP","GDEXPRD","TOT","PC_GDP","A","2005",2.14805639258566,
"SGP","GDEXPRD","TOT","PC_GDP","A","2006",2.11656309229214,
"SGP","GDEXPRD","TOT","PC_GDP","A","2007",2.31985906733319,
"SGP","GDEXPRD","TOT","PC_GDP","A","2008",2.59673594663972,
"SGP","GDEXPRD","TOT","PC_GDP","A","2009",2.12790263266459,
"SGP","GDEXPRD","TOT","PC_GDP","A","2010",1.9291816229795,
"SGP","GDEXPRD","TOT","PC_GDP","A","2011",2.06954875502287,
"SGP","GDEXPRD","TOT","PC_GDP","A","2012",1.9183340315996,
"SGP","GDEXPRD","TOT","PC_GDP","A","2013",1.92103937352402,
"SGP","GDEXPRD","TOT","PC_GDP","A","2014",2.08228192202541,
"SGP","GDEXPRD","TOT","PC_GDP","A","2015",2.17444994510492,
"SGP","GDEXPRD","TOT","PC_GDP","A","2016",2.07471316309249,
"SGP","GDEXPRD","TOT","PC_GDP","A","2017",1.89872248321136,
"SGP","GDEXPRD","TOT","PC_GDP","A","2018",1.81390780438469,
"SGP","GDEXPRD","TOT","PC_GDP","A","2019",1.89734341182501,
"SGP","GDEXPRD","TOT","PC_GDP","A","2020",2.21651692116687,
