REF_DATE,Business enterprise,Federal government,Foreign sources,From general university funds,From own revenue sources,Higher education,Private non-profit,Provincial governments
2000,608.5,1422.5,55.0,1768.0,1414.0,3182.0,460.0,646.0
2001,657.5,1730.5,91.5,1780.5,1412.0,3192.5,555.0,776.5
2002,696.5,1968.5,109.5,2200.5,1550.5,3751.0,654.5,897.0
2003,723.0,2324.0,81.0,1999.0,1823.0,3822.0,638.0,1084.0
2004,790.5,2447.0,100.5,2352.5,1989.5,4342.0,717.0,1088.0
2005,827.5,2619.0,119.5,2367.5,2104.5,4472.0,764.5,1002.5
2006,821.5,2529.0,128.0,2390.0,2118.5,4508.5,789.0,1009.5
2007,870.0,2720.0,99.0,2653.0,1921.0,4574.0,890.0,1034.0
2008,875.0,2757.0,112.0,3142.5,1815.5,4958.0,930.5,1083.5
2009,889.0,2909.0,119.0,2776.0,2010.0,4786.0,894.0,1135.0
2010,825.0,2998.5,138.0,2528.5,2344.0,4872.5,1007.0,1162.5
2011,909.5,3049.5,121.5,2728.5,2296.5,5025.0,1086.0,1209.5
2012,900.5,3076.0,122.5,2949.5,2902.0,5851.5,1035.5,1246.5
2013,858.0,2954.5,132.0,2908.0,3125.5,6033.5,1080.5,1123.5
2014,923.0,2844.0,101.5,2843.5,3206.5,6050.0,1163.0,1071.5
2015,971.0,2863.0,108.0,3125.0,3188.0,6313.5,1237.5,1036.5
2016,1016.5,2986.5,104.5,2936.5,3503.5,6440.0,1382.0,1087.0
2017,1039.5,3102.0,111.0,3092.0,3557.5,6649.0,1392.0,1083.0
2018,1099.5,3314.5,126.5,3077.0,3810.0,6887.0,1401.0,1129.0
2019,1154.5,3478.0,131.5,3347.5,3780.0,7127.5,1456.5,1165.0
2020,1052.5,3810.0,104.5,2896.0,4313.5,7209.5,1378.5,985.0
2021,1028.0,3721.0,102.5,0.0,0.0,7042.0,1346.0,961.5
2022,1008.5,3648.5,100.5,0.0,0.0,6905.0,1319.5,943.0
