Calendar Year,Utility Patent Applications,Design Patent Applications,Plant Patent Applications,Total Applications,Utility Patents,Design Patents,Plant Patents,Total grants
2020,"597,175","47,838",976,"645,989","352,066","34,877","1,398","388,341"
2019,"621,453","46,847","1,134","669,434","354,430","34,794","1,275","390,499"
2018,"597,141","45,083","1,079","643,303","307,759","30,497","1,208","339,464"
2017,"606,956","43,340","1,059","651,355","318,828","30,870","1,311","351,009"
2016,"605,571","42,571","1,177","649,319","303,049","28,873","1,235","333,157"
2015,"589,410","39,097","1,140","629,647","298,408","25,986","1,074","325,468"
2014,"578,802","35,378","1,063","615,243","300,677","23,657","1,072","325,406"
2013,"571,612","36,034","1,406","609,052","277,835","23,468",847,"302,150"
2012,"542,815","32,799","1,149","576,763","253,155","21,951",860,"275,966"
2011,"503,582","30,467","1,139","535,188","224,505","21,356",823,"246,684"
2010,"490,226","29,059",992,"520,277","219,614","22,799",981,"243,394"
2009,"456,106","25,806",959,"482,871","167,349","23,116","1,009","191,474"
2008,"456,321","27,782","1,209","485,312","157,772","25,565","1,240","184,577"
2007,"456,154","27,752","1,049","484,955","157,282","24,062","1,047","182,391"
2006,"425,967","25,515","1,151","452,633","173,772","20,965","1,149","195,886"
2005,"390,733","25,553","1,222","417,508","143,806","12,951",716,"157,473"
2004,"356,943","23,975","1,221","382,139","164,290","15,695","1,016","181,001"
2003,"342,441","22,602","1,000","366,043","169,023","16,574",994,"186,591"
2002,"334,445","20,904","1,144","356,493","167,331","15,451","1,133","183,915"
2001,"326,508","18,280",944,"345,732","166,035","16,871",584,"183,490"
2000,"295,926","18,292",797,"315,015","157,494","17,413",548,"175,455"
1999,"270,187","17,761",863,"288,811","153,485","14,732",420,"168,637"
1998,"243,062","17,107",720,"260,889","147,517","14,766",561,"162,844"
1997,"215,257","16,546",621,"232,424","111,984","11,414",394,"123,792"
1996,"195,187","15,161",665,"211,013","109,645","11,410",362,"121,417"
1995,"212,377","15,409",452,"228,238","101,419","11,712",387,"113,518"
1994,"189,857","15,774",459,"206,090","101,676","11,095",499,"113,270"
1993,"174,743","13,635",361,"188,739","98,342","10,630",442,"109,414"
1992,"173,075","13,078",354,"186,507","97,444","9,269",321,"107,034"
1991,"164,306","13,061",463,"177,830","96,511","9,569",353,"106,433"
1990,"164,558","11,288",418,"176,264","90,365","8,024",318,"98,707"
1989,"152,750","12,615",383,"165,748","95,537","6,092",587,"102,216"
1988,"139,825","11,289",377,"151,491","77,924","5,679",425,"84,028"
1987,"127,917","11,153",385,"139,455","82,952","5,959",229,"89,140"
1986,"122,433","9,912",320,"132,665","70,860","5,518",224,"76,602"
1985,"117,006","9,551",231,"126,788","71,661","5,066",242,"76,969"
1984,"111,284","8,739",253,"120,276","67,200","4,938",212,"72,350"
1983,"103,703","8,082",255,"112,040","56,860","4,563",197,"61,620"
1982,"109,625","8,174",188,"117,987","57,888","4,944",173,"63,005"
1981,"106,413","7,375",178,"113,966","65,771","4,745",183,"70,699"
1980,"104,329","7,830",220,"112,379","61,819","3,949",117,"65,885"
1979,"100,494","7,519",196,"108,209","48,854","3,119",131,"52,104"
1978,"100,916","7,538",194,"108,648","66,102","3,862",186,"70,150"
1977,"100,931","7,258",188,"108,377","65,269","3,929",173,"69,371"
1976,"102,344","7,061",175,"109,580","70,226","4,564",176,"74,966"
1975,"101,014","6,292",150,"107,456","72,000","4,282",150,"76,432"
1974,"102,538","5,318",155,"108,011","76,278","4,304",261,"80,843"
1973,"104,079","5,425",118,"109,622","74,143","4,033",132,"78,308"
1972,"99,298","5,867",135,"105,300","74,810","2,901",199,"77,910"
1971,"104,729","6,211",155,"111,095","78,317","3,156",71,"81,544"
1970,"103,175","5,996",188,"109,359","64,429","3,214",52,"67,695"
1969,"98,750","5,496",111,"104,357","67,559","3,335",103,"70,997"
1968,"93,471","5,171",95,"98,737","59,104","3,352",72,"62,528"
1967,"85,697","4,744",103,"90,544","65,652","3,165",85,"68,902"
1966,"88,525","4,853",104,"93,482","68,405","3,188",114,"71,707"
1965,"94,629","5,413",108,"100,150","62,857","3,424",120,"66,401"
1964,"87,592","5,259",120,"92,971","47,375","2,686",128,"50,189"
1963,"85,869","4,968",145,"90,982","45,679","2,965",129,"48,773"
1962,"85,029","4,897",151,"90,077","55,691","2,300",91,"58,082"
1961,"83,100","4,714",107,"87,921","48,368","2,488",108,"50,964"
1960,"79,590","4,525",131,"84,246","47,169","2,543",116,"49,828"
1959,"78,594","4,879",114,"83,587","52,408","2,769",101,"55,278"
1958,"77,495","4,923",134,"82,552","48,330","2,375",130,"50,835"
1957,"74,197","4,714",101,"79,012","42,745","2,362",129,"45,236"
1956,"74,906","4,824",104,"79,834","46,816","2,977",101,"49,894"
1955,"77,188","5,764",118,"83,070","30,432","2,713",103,"33,248"
1954,"77,185","5,465",95,"82,745","33,809","2,536",101,"36,446"
1953,"72,284","5,450",99,"77,833","40,467","2,714",78,"43,259"
1952,"64,554","4,993",84,"69,631","43,616","2,959",101,"46,676"
1951,"60,438","4,279",71,"64,788","44,326","4,164",58,"48,548"
1950,"67,264","6,739",105,"74,108","43,039","4,718",90,"47,847"
1949,"67,592","6,998",70,"74,660","35,131","4,451",93,"39,675"
1948,"68,740","7,048",59,"75,847","23,961","3,968",44,"27,973"
1947,"75,443","7,644",92,"83,179","20,139","2,102",52,"22,293"
1946,"81,056","10,698",72,"91,826","21,805","2,779",56,"24,640"
1945,"67,846","8,066",52,"75,964","25,694","3,524",17,"29,235"
1944,"54,190","5,063",42,"59,295","28,053","2,916",38,"31,007"
1943,"45,493","2,986",41,"48,520","31,054","2,229",47,"33,330"
1942,"45,549","4,218",60,"49,827","38,449","3,728",65,"42,242"
1941,"52,339","7,203",67,"59,609","41,108","6,486",62,"47,656"
1940,"60,863","8,530",91,"69,484","42,237","6,145",85,"48,467"
1939,"64,093","7,137",76,"71,306","43,073","5,593",45,"48,711"
1938,"66,874","8,084",48,"75,006","38,062","5,027",41,"43,130"
1937,"65,324","7,207",45,"72,576","37,683","5,137",55,"42,875"
1936,"62,599","6,478",66,"69,143","39,783","4,556",49,"44,388"
1935,"58,117","5,728",72,"63,917","40,618","3,866",45,"44,529"
1934,"56,643","4,399",28,"61,070","44,419","2,921",32,"47,372"
1933,"56,558","3,600",27,"60,185","48,774","2,411",33,"51,218"
1932,"67,006","4,345",46,"71,397","53,458","2,944",46,"56,448"
1931,"79,740","4,190",37,"83,967","51,756","2,937",5,"54,698"